As Of,Currency,NAV,Securities In Issue,Net Assets,Fund Return Series,Benchmark Return Series
13/Jul/2021,USD,7.49,30 109 984.00,225 582 212.04,158.52,158.57
12/Jul/2021,USD,7.51,30 109 984.00,226 189 067.06,158.95,159.00
09/Jul/2021,USD,7.47,30 109 984.00,225 023 495.03,158.13,158.17
08/Jul/2021,USD,7.40,30 109 984.00,222 763 722.22,156.54,156.59
07/Jul/2021,USD,7.47,30 109 984.00,224 810 768.53,157.98,158.03
06/Jul/2021,USD,7.45,29 031 751.00,216 259 836.69,157.61,157.66
05/Jul/2021,USD,7.46,29 031 751.00,216 691 650.15,157.93,157.97
02/Jul/2021,USD,7.46,29 031 751.00,216 457 069.26,157.76,157.80
01/Jul/2021,USD,7.41,29 056 751.00,215 304 245.77,156.78,156.82
30/Jun/2021,USD,7.38,29 056 751.00,214 537 165.84,156.22,156.27
29/Jun/2021,USD,7.40,29 056 751.00,215 125 373.31,156.65,156.70
28/Jun/2021,USD,7.40,29 056 751.00,215 045 112.80,156.59,156.64
25/Jun/2021,USD,7.40,29 056 751.00,214 929 525.64,156.51,156.55
24/Jun/2021,USD,7.37,28 978 518.00,213 548 027.80,155.92,155.96
23/Jun/2021,USD,7.33,29 312 316.00,214 875 521.62,155.10,155.15
22/Jun/2021,USD,7.34,28 312 316.00,207 747 253.86,155.26,155.30
21/Jun/2021,USD,7.29,28 312 316.00,206 372 541.65,154.23,154.26
18/Jun/2021,USD,7.22,28 312 316.00,204 469 435.45,152.81,152.85
17/Jun/2021,USD,7.32,28 312 316.00,207 322 158.48,154.94,154.97
16/Jun/2021,USD,7.40,28 110 709.00,208 062 969.56,155.49,155.51
15/Jun/2021,USD,7.42,28 110 709.00,208 597 620.52,155.88,155.91
14/Jun/2021,USD,7.43,28 110 709.00,208 794 533.27,156.03,156.05
11/Jun/2021,USD,7.41,28 110 709.00,208 237 802.59,155.62,155.64
10/Jun/2021,USD,7.40,28 110 709.00,207 893 414.69,155.36,155.38
09/Jun/2021,USD,7.37,28 110 709.00,207 110 340.51,154.77,154.79
08/Jun/2021,USD,7.38,28 110 709.00,207 466 770.16,155.04,155.05
07/Jun/2021,USD,7.38,28 110 709.00,207 359 626.69,154.96,154.97
04/Jun/2021,USD,7.37,28 110 709.00,207 111 539.94,154.77,154.78
03/Jun/2021,USD,7.31,28 110 709.00,205 374 300.94,153.48,153.47
02/Jun/2021,USD,7.34,27 910 709.00,204 793 397.36,154.14,154.14
01/Jun/2021,USD,7.33,27 910 709.00,204 535 064.43,153.94,153.95
31/May/2021,USD,7.32,27 910 709.00,204 173 041.11,153.67,153.68
28/May/2021,USD,7.32,27 910 709.00,204 421 487.11,153.86,153.86
27/May/2021,USD,7.30,27 910 709.00,203 789 653.20,153.38,153.39
26/May/2021,USD,7.30,27 910 709.00,203 767 822.08,153.37,153.37
25/May/2021,USD,7.29,27 910 709.00,203 483 356.06,153.15,153.15
24/May/2021,USD,7.29,27 910 709.00,203 476 246.57,153.15,153.14
21/May/2021,USD,7.23,27 910 709.00,201 779 493.50,151.87,151.87
20/May/2021,USD,7.23,27 910 709.00,201 752 573.25,151.85,151.85
19/May/2021,USD,7.15,27 910 709.00,199 509 228.26,150.16,150.16
18/May/2021,USD,7.19,27 785 709.00,199 709 174.88,150.99,150.99
17/May/2021,USD,7.20,26 785 709.00,192 886 767.18,151.27,151.28
14/May/2021,USD,7.21,26 785 709.00,193 189 126.46,151.51,151.52
13/May/2021,USD,7.10,26 785 709.00,190 108 465.70,149.10,149.11
12/May/2021,USD,7.06,26 785 709.00,189 010 952.46,148.23,148.26
11/May/2021,USD,7.18,26 785 709.00,192 422 612.27,150.91,150.94
10/May/2021,USD,7.26,26 785 709.00,194 591 775.63,152.61,152.64
07/May/2021,USD,7.31,26 785 709.00,195 873 982.65,153.62,153.64
06/May/2021,USD,7.24,26 785 709.00,194 050 067.25,152.19,152.22
05/May/2021,USD,7.20,26 705 709.00,192 198 670.44,151.19,151.22
04/May/2021,USD,7.17,26 705 709.00,191 536 960.82,150.67,150.71
30/Apr/2021,USD,7.22,26 705 709.00,192 690 727.68,151.57,151.63
29/Apr/2021,USD,7.28,26 405 709.00,192 180 630.25,152.89,152.94
28/Apr/2021,USD,7.25,26 405 709.00,191 413 166.72,152.28,152.34
27/Apr/2021,USD,7.25,26 405 709.00,191 400 851.22,152.27,152.33
26/Apr/2021,USD,7.26,26 405 709.00,191 648 783.62,152.47,152.53
23/Apr/2021,USD,7.23,26 405 709.00,190 991 646.80,151.94,152.00
22/Apr/2021,USD,7.18,26 405 709.00,189 489 811.42,150.75,150.80
21/Apr/2021,USD,7.20,25 819 295.00,185 816 098.67,151.18,151.24
20/Apr/2021,USD,7.15,25 819 295.00,184 701 058.85,150.28,150.33
19/Apr/2021,USD,7.22,25 819 295.00,186 437 708.08,151.69,151.75
16/Apr/2021,USD,7.24,25 819 295.00,186 991 725.67,152.14,152.20
15/Apr/2021,USD,7.21,25 819 295.00,186 263 930.36,151.55,151.61
14/Apr/2021,USD,7.14,25 699 295.00,183 599 874.66,150.08,150.14
13/Apr/2021,USD,7.16,25 388 607.00,181 771 214.48,150.40,150.46
12/Apr/2021,USD,7.13,25 388 607.00,181 040 078.51,149.80,149.86
09/Apr/2021,USD,7.14,25 388 607.00,181 220 489.13,149.95,150.01
08/Apr/2021,USD,7.10,25 388 607.00,180 255 560.21,149.15,149.21
07/Apr/2021,USD,7.06,25 388 607.00,179 306 918.84,148.36,148.42
06/Apr/2021,USD,7.05,25 388 607.00,178 968 809.05,148.08,148.14
01/Apr/2021,USD,6.96,25 388 607.00,176 713 014.72,146.22,146.27
31/Mar/2021,USD,6.89,25 388 607.00,174 857 802.19,144.68,144.74
30/Mar/2021,USD,6.87,25 388 607.00,174 400 337.45,144.30,144.36
29/Mar/2021,USD,6.88,25 338 607.00,174 315 870.76,144.52,144.58
26/Mar/2021,USD,6.89,25 418 607.00,175 134 316.24,144.74,144.80
25/Mar/2021,USD,6.79,25 828 607.00,175 408 383.65,142.66,142.72
24/Mar/2021,USD,6.77,25 828 607.00,174 910 120.05,142.26,142.32
23/Mar/2021,USD,6.82,25 828 607.00,176 278 599.55,143.37,143.44
22/Mar/2021,USD,6.88,25 788 607.00,177 331 594.87,144.45,144.52
19/Mar/2021,USD,6.84,25 788 607.00,176 442 882.57,143.73,143.79
18/Mar/2021,USD,6.86,25 788 607.00,176 789 775.14,144.01,144.07
17/Mar/2021,USD,6.92,25 788 607.00,178 379 987.65,145.31,145.38
16/Mar/2021,USD,6.91,24 688 607.00,170 592 726.09,145.15,145.22
15/Mar/2021,USD,6.90,24 688 607.00,170 428 355.19,145.01,145.08
12/Mar/2021,USD,6.87,24 688 607.00,169 525 512.41,144.25,144.31
11/Mar/2021,USD,6.87,24 566 607.00,168 699 583.63,144.26,144.32
10/Mar/2021,USD,6.79,24 506 607.00,166 370 308.95,142.61,142.67
09/Mar/2021,USD,6.76,24 506 607.00,165 603 037.28,141.96,142.02
08/Mar/2021,USD,6.66,24 506 607.00,163 136 732.44,139.84,139.90
05/Mar/2021,USD,6.68,24 406 607.00,162 943 319.50,140.25,140.32
04/Mar/2021,USD,6.62,24 406 607.00,161 602 506.02,139.09,139.16
03/Mar/2021,USD,6.71,24 406 607.00,163 714 959.25,140.91,140.99
02/Mar/2021,USD,6.78,23 406 607.00,158 643 695.37,142.38,142.46
01/Mar/2021,USD,6.82,23 406 607.00,159 581 817.09,143.22,143.31
26/Feb/2021,USD,6.68,21 406 607.00,142 961 256.28,140.29,140.37
25/Feb/2021,USD,6.75,21 306 607.00,143 893 437.90,141.87,141.95
24/Feb/2021,USD,6.86,21 306 607.00,146 076 915.73,144.02,144.11
23/Feb/2021,USD,6.82,21 306 607.00,145 415 704.10,143.37,143.47
22/Feb/2021,USD,6.82,21 306 607.00,145 401 283.14,143.36,143.46
19/Feb/2021,USD,6.87,21 306 607.00,146 440 956.54,144.38,144.49
18/Feb/2021,USD,6.87,21 513 733.00,147 704 351.43,144.23,144.33
17/Feb/2021,USD,6.90,21 263 733.00,146 625 370.91,144.86,144.96
16/Feb/2021,USD,6.93,21 263 733.00,147 277 963.90,145.50,145.60
15/Feb/2021,USD,6.93,21 263 733.00,147 345 854.55,145.57,145.68
12/Feb/2021,USD,6.91,21 263 733.00,146 827 718.93,145.06,145.16
11/Feb/2021,USD,6.87,21 263 733.00,146 184 945.72,144.42,144.53
10/Feb/2021,USD,6.86,21 263 733.00,145 771 566.89,144.01,144.13
09/Feb/2021,USD,6.85,21 263 733.00,145 658 745.98,143.90,144.01
08/Feb/2021,USD,6.84,21 263 733.00,145 510 874.94,143.75,143.87
05/Feb/2021,USD,6.79,20 617 189.00,139 948 715.23,142.60,142.71
04/Feb/2021,USD,6.75,20 517 189.00,138 482 149.87,141.79,141.90
03/Feb/2021,USD,6.70,20 517 189.00,137 481 340.84,140.76,140.88
02/Feb/2021,USD,6.69,20 517 189.00,137 207 145.65,140.48,140.61
01/Feb/2021,USD,6.60,20 517 189.00,135 498 591.92,138.73,138.85
29/Jan/2021,USD,6.51,20 517 189.00,133 598 592.29,136.79,136.89
28/Jan/2021,USD,6.63,20 517 189.00,136 054 579.26,140.58,139.41
27/Jan/2021,USD,6.59,20 367 189.00,134 245 688.12,138.46,138.57
26/Jan/2021,USD,6.74,20 367 189.00,137 247 286.57,141.56,141.66
25/Jan/2021,USD,6.75,20 367 189.00,137 378 323.80,141.69,141.81
22/Jan/2021,USD,6.74,20 337 189.00,137 075 751.69,141.59,141.70
21/Jan/2021,USD,6.76,20 026 498.00,135 464 128.02,142.10,142.21
20/Jan/2021,USD,6.75,20 026 498.00,135 201 605.38,141.82,141.93
19/Jan/2021,USD,6.68,20 026 498.00,133 748 922.30,140.30,140.41
18/Jan/2021,USD,6.63,20 026 498.00,132 779 136.83,139.28,139.39
15/Jan/2021,USD,6.63,20 026 498.00,132 823 895.89,139.33,139.44
14/Jan/2021,USD,6.69,20 026 498.00,133 953 972.08,140.51,140.62
13/Jan/2021,USD,6.70,19 715 809.00,132 017 288.10,140.66,140.77
12/Jan/2021,USD,6.68,19 715 809.00,131 742 700.55,140.37,140.47
11/Jan/2021,USD,6.67,19 715 809.00,131 531 726.18,140.15,140.25
08/Jan/2021,USD,6.73,19 715 809.00,132 657 128.42,--,--
07/Jan/2021,USD,6.68,19 715 809.00,131 669 117.18,140.29,140.39
06/Jan/2021,USD,6.59,19 545 059.00,128 775 673.63,138.41,138.51
05/Jan/2021,USD,6.55,19 395 059.00,127 126 771.65,137.69,137.80
04/Jan/2021,USD,6.52,19 395 059.00,126 490 096.84,137.00,137.11
31/Dec/2020,USD,6.57,19 395 059.00,127 447 156.93,138.04,138.15
30/Dec/2020,USD,6.56,19 395 059.00,127 239 522.97,137.82,137.92
29/Dec/2020,USD,6.55,19 395 059.00,127 063 974.83,137.63,137.73
24/Dec/2020,USD,6.49,19 395 059.00,125 915 170.92,136.38,136.49
23/Dec/2020,USD,6.47,19 395 059.00,125 536 458.70,135.97,136.08
22/Dec/2020,USD,6.45,19 265 604.00,124 358 751.98,135.60,135.70
21/Dec/2020,USD,6.46,19 265 604.00,124 413 996.83,135.66,135.76
18/Dec/2020,USD,6.51,19 265 604.00,125 359 482.89,136.69,136.78
17/Dec/2020,USD,6.53,19 110 260.00,124 722 012.22,137.10,137.20
16/Dec/2020,USD,6.48,19 110 260.00,123 753 336.03,136.04,136.13
15/Dec/2020,USD,6.45,19 110 260.00,123 219 878.09,135.45,135.55
14/Dec/2020,USD,6.39,19 110 260.00,122 063 278.06,134.18,134.28
11/Dec/2020,USD,6.39,18 310 260.00,117 012 007.42,134.25,134.34
10/Dec/2020,USD,6.41,18 400 260.00,117 880 865.67,134.58,134.67
09/Dec/2020,USD,6.44,18 240 260.00,117 495 789.68,134.52,134.61
08/Dec/2020,USD,6.48,18 240 260.00,118 172 321.97,135.29,135.39
07/Dec/2020,USD,6.46,18 240 260.00,117 889 063.58,134.97,135.06
04/Dec/2020,USD,6.47,18 240 260.00,118 063 903.64,135.17,135.26
03/Dec/2020,USD,6.43,18 240 260.00,117 227 663.06,134.21,134.31
02/Dec/2020,USD,6.41,18 240 260.00,116 938 431.56,133.88,133.97
01/Dec/2020,USD,6.40,18 240 260.00,116 760 679.31,133.68,133.77
30/Nov/2020,USD,6.34,18 240 260.00,115 588 357.10,132.34,132.44
27/Nov/2020,USD,6.38,17 370 260.00,110 787 087.29,133.19,133.29
26/Nov/2020,USD,6.35,17 370 260.00,110 254 968.29,132.55,132.65
25/Nov/2020,USD,6.34,17 370 260.00,110 213 152.45,132.50,132.60
24/Nov/2020,USD,6.34,17 370 260.00,110 095 913.17,132.36,132.45
23/Nov/2020,USD,6.24,14 370 260.00,89 680 553.30,130.33,130.42
20/Nov/2020,USD,6.23,14 174 653.00,88 249 639.42,130.02,130.11
19/Nov/2020,USD,6.24,13 390 854.00,83 584 595.86,130.35,130.45
18/Nov/2020,USD,6.23,13 290 854.00,82 828 740.42,130.14,130.24
17/Nov/2020,USD,6.27,13 290 854.00,83 308 226.06,130.90,131.00
16/Nov/2020,USD,6.27,13 290 854.00,83 396 599.64,131.04,131.14
13/Nov/2020,USD,6.20,13 427 854.00,83 252 081.16,129.47,129.57
12/Nov/2020,USD,6.15,13 283 718.00,81 710 262.15,128.46,128.56
11/Nov/2020,USD,6.20,13 685 195.00,84 781 324.61,129.37,129.48
10/Nov/2020,USD,6.14,13 685 195.00,84 037 023.04,128.24,128.34
09/Nov/2020,USD,6.14,13 685 195.00,83 970 975.82,128.14,128.24
06/Nov/2020,USD,6.07,13 685 195.00,83 005 831.05,126.66,126.78
05/Nov/2020,USD,6.06,13 685 195.00,82 886 873.70,126.48,126.59
04/Nov/2020,USD,5.93,13 685 195.00,81 142 364.43,123.82,123.93
03/Nov/2020,USD,5.81,14 035 195.00,81 501 313.41,121.27,121.37
02/Nov/2020,USD,5.69,14 035 195.00,79 893 053.51,118.87,118.98
30/Oct/2020,USD,5.62,14 035 195.00,78 927 013.75,117.44,117.54
29/Oct/2020,USD,5.69,14 035 195.00,79 845 496.45,118.80,118.91
28/Oct/2020,USD,5.66,14 035 195.00,79 406 701.41,118.15,118.26
27/Oct/2020,USD,5.84,14 035 195.00,81 988 701.21,121.99,122.11
26/Oct/2020,USD,5.86,14 068 195.00,82 416 230.32,122.34,122.45
23/Oct/2020,USD,5.96,14 068 195.00,83 834 712.14,124.45,124.56
22/Oct/2020,USD,5.94,14 068 195.00,83 502 891.13,123.95,124.06
21/Oct/2020,USD,5.93,14 068 195.00,83 410 399.25,123.82,123.93
20/Oct/2020,USD,5.94,14 068 195.00,83 565 468.21,124.05,124.16
19/Oct/2020,USD,5.93,14 138 195.00,83 777 949.04,123.75,123.86
16/Oct/2020,USD,5.98,14 138 195.00,84 581 251.43,124.93,125.04
15/Oct/2020,USD,5.97,14 138 195.00,84 466 133.32,124.76,124.87
14/Oct/2020,USD,6.02,14 138 195.00,85 071 035.00,125.66,125.77
13/Oct/2020,USD,6.04,14 138 195.00,85 452 243.26,126.22,126.34
12/Oct/2020,USD,6.08,14 138 195.00,85 911 453.55,126.90,127.01
09/Oct/2020,USD,6.00,14 138 195.00,84 809 906.01,125.27,125.38
08/Oct/2020,USD,5.95,13 880 809.00,82 554 153.75,124.20,124.31
07/Oct/2020,USD,5.90,13 980 809.00,82 534 390.59,123.28,123.40
06/Oct/2020,USD,5.84,13 980 809.00,81 583 045.72,121.86,121.98
05/Oct/2020,USD,5.89,13 980 809.00,82 320 869.06,122.96,123.08
02/Oct/2020,USD,5.79,13 980 809.00,80 893 423.84,120.83,120.94
01/Oct/2020,USD,5.83,13 980 809.00,81 543 405.35,121.80,121.92
30/Sep/2020,USD,5.80,13 980 809.00,81 067 327.74,121.09,121.21
29/Sep/2020,USD,5.78,14 032 285.00,81 089 678.81,120.68,120.80
28/Sep/2020,USD,5.79,14 032 285.00,81 254 700.02,120.93,121.04
25/Sep/2020,USD,5.69,14 032 285.00,79 874 878.30,118.87,118.98
24/Sep/2020,USD,5.63,14 032 285.00,78 933 257.08,117.47,117.58
23/Sep/2020,USD,5.64,14 032 285.00,79 099 639.17,117.72,117.82
22/Sep/2020,USD,5.73,14 032 285.00,80 421 667.15,119.69,119.79
21/Sep/2020,USD,5.70,14 032 285.00,79 927 833.61,118.95,119.06
18/Sep/2020,USD,5.79,14 032 285.00,81 206 801.91,120.85,120.95
17/Sep/2020,USD,5.82,14 032 285.00,81 726 951.47,121.63,121.72
16/Sep/2020,USD,5.87,14 155 828.00,83 145 234.00,122.66,122.76
15/Sep/2020,USD,5.89,14 155 828.00,83 326 679.98,122.93,123.03
14/Sep/2020,USD,5.86,14 155 828.00,82 904 067.96,122.30,122.40
11/Sep/2020,USD,5.79,14 155 828.00,81 904 385.81,120.83,120.93
10/Sep/2020,USD,5.79,14 155 828.00,81 919 381.71,120.85,120.95
09/Sep/2020,USD,5.85,14 155 828.00,82 825 039.94,122.19,122.28
08/Sep/2020,USD,5.75,14 176 418.00,81 548 862.67,120.13,120.22
07/Sep/2020,USD,5.89,14 176 418.00,83 444 811.58,122.92,123.01
04/Sep/2020,USD,5.87,14 176 418.00,83 175 680.30,122.53,122.61
03/Sep/2020,USD,5.93,14 176 418.00,84 103 128.79,123.89,123.98
02/Sep/2020,USD,6.10,14 176 418.00,86 526 872.24,127.46,127.55
01/Sep/2020,USD,6.04,14 176 418.00,85 603 454.21,126.10,126.19
31/Aug/2020,USD,6.01,14 176 418.00,85 179 563.51,125.48,125.57
28/Aug/2020,USD,6.01,14 176 418.00,85 202 149.12,125.51,125.59
27/Aug/2020,USD,5.98,14 176 418.00,84 712 569.52,124.79,124.87
26/Aug/2020,USD,5.98,14 176 418.00,84 845 799.54,124.99,125.07
25/Aug/2020,USD,5.92,14 176 418.00,83 985 102.54,123.72,123.80
24/Aug/2020,USD,5.91,14 176 418.00,83 731 971.47,123.35,123.42
21/Aug/2020,USD,5.85,14 176 418.00,82 893 831.67,122.11,122.19
20/Aug/2020,USD,5.84,14 176 418.00,82 767 313.63,121.92,122.00
19/Aug/2020,USD,5.85,14 176 418.00,82 893 938.37,122.11,122.18
18/Aug/2020,USD,5.86,14 176 418.00,83 054 190.93,122.35,122.42
17/Aug/2020,USD,5.84,14 176 418.00,82 827 812.57,122.01,122.09
14/Aug/2020,USD,5.82,14 176 418.00,82 482 850.63,121.50,121.58
13/Aug/2020,USD,5.83,14 176 418.00,82 673 673.05,121.79,121.86
12/Aug/2020,USD,5.83,14 176 418.00,82 680 990.64,121.80,121.88
11/Aug/2020,USD,5.75,14 176 418.00,81 522 295.24,120.09,120.16
10/Aug/2020,USD,5.76,14 176 418.00,81 591 209.23,120.19,120.27
07/Aug/2020,USD,5.75,14 176 418.00,81 482 490.66,120.03,120.11
06/Aug/2020,USD,5.76,14 176 418.00,81 628 534.03,120.25,120.32
05/Aug/2020,USD,5.75,14 176 418.00,81 463 437.37,120.00,120.08
04/Aug/2020,USD,5.70,14 217 599.00,81 038 558.76,119.03,119.11
03/Aug/2020,USD,5.67,14 217 599.00,80 623 529.93,118.42,118.50
31/Jul/2020,USD,5.62,14 217 599.00,79 931 311.89,117.41,117.48
30/Jul/2020,USD,5.62,14 217 599.00,79 840 357.51,117.27,117.35
29/Jul/2020,USD,5.65,14 217 599.00,80 352 219.07,118.02,118.10
28/Jul/2020,USD,5.60,14 217 599.00,79 609 790.07,116.93,117.01
27/Jul/2020,USD,5.63,14 217 599.00,80 064 792.76,117.60,117.67
24/Jul/2020,USD,5.58,14 217 599.00,79 331 072.57,116.52,116.59
23/Jul/2020,USD,5.62,14 217 599.00,79 901 141.35,117.36,117.43
22/Jul/2020,USD,5.67,14 217 599.00,80 601 359.01,118.39,118.46
21/Jul/2020,USD,5.65,14 217 599.00,80 380 090.48,118.06,118.13
20/Jul/2020,USD,5.64,14 217 599.00,80 123 160.10,117.69,117.75
17/Jul/2020,USD,5.58,14 217 599.00,79 388 124.27,--,--
16/Jul/2020,USD,5.57,14 217 599.00,79 217 289.80,116.36,116.42
15/Jul/2020,USD,5.60,14 537 599.00,81 360 379.22,116.87,116.94
14/Jul/2020,USD,5.53,14 537 599.00,80 376 501.07,115.46,115.52
13/Jul/2020,USD,5.49,16 537 599.00,90 738 476.75,114.58,114.65
10/Jul/2020,USD,5.50,16 537 599.00,91 020 810.09,114.94,115.00
09/Jul/2020,USD,5.46,16 537 599.00,90 297 989.18,114.03,114.09
08/Jul/2020,USD,5.48,16 537 599.00,90 697 037.11,114.53,114.59
07/Jul/2020,USD,5.46,16 537 599.00,90 276 362.48,114.00,114.06
06/Jul/2020,USD,5.51,16 537 599.00,91 149 601.29,115.10,115.16
03/Jul/2020,USD,5.42,16 537 599.00,89 570 123.26,113.11,113.16
02/Jul/2020,USD,5.42,16 537 599.00,89 602 837.41,113.15,113.20
01/Jul/2020,USD,5.38,16 486 122.00,88 643 326.78,112.29,112.34
30/Jun/2020,USD,5.35,16 486 122.00,88 261 602.85,111.80,111.86
29/Jun/2020,USD,5.29,16 486 122.00,87 161 387.73,110.41,110.46
26/Jun/2020,USD,5.24,16 486 122.00,86 422 039.86,109.47,109.53
25/Jun/2020,USD,5.33,16 486 122.00,87 892 399.35,111.33,111.39
24/Jun/2020,USD,5.30,16 486 122.00,87 302 648.44,110.59,110.64
23/Jun/2020,USD,5.43,16 411 122.00,89 116 594.16,113.40,113.46
22/Jun/2020,USD,5.39,16 411 122.00,88 375 027.93,112.46,112.52
19/Jun/2020,USD,5.36,16 411 122.00,88 008 349.85,111.99,112.05
18/Jun/2020,USD,5.38,18 411 122.00,98 978 790.34,112.27,112.33
17/Jun/2020,USD,5.38,18 411 122.00,99 062 600.35,112.36,112.42
16/Jun/2020,USD,5.38,18 311 122.00,98 558 941.70,112.40,112.46
15/Jun/2020,USD,5.27,18 311 122.00,96 431 989.11,109.98,110.03
12/Jun/2020,USD,5.25,18 311 122.00,96 113 375.69,109.61,109.67
11/Jun/2020,USD,5.22,18 311 122.00,95 623 479.57,109.06,109.11
10/Jun/2020,USD,5.54,30 311 122.00,167 931 328.64,114.74,114.80
09/Jun/2020,USD,5.56,30 161 122.00,167 627 280.96,115.10,115.16
08/Jun/2020,USD,5.58,30 161 122.00,168 428 485.01,115.65,115.72
05/Jun/2020,USD,5.53,29 961 122.00,165 825 505.15,114.62,114.69
04/Jun/2020,USD,5.42,29 961 122.00,162 349 883.71,112.22,112.29
03/Jun/2020,USD,5.43,29 961 122.00,162 651 708.16,112.43,112.50
02/Jun/2020,USD,5.34,29 961 122.00,160 127 399.60,110.69,110.75
01/Jun/2020,USD,5.29,29 961 122.00,158 450 922.50,109.53,109.59
29/May/2020,USD,5.25,29 961 122.00,157 311 335.89,108.74,108.81
28/May/2020,USD,5.25,29 961 122.00,157 219 119.74,108.68,108.75
27/May/2020,USD,5.22,29 961 122.00,156 459 125.40,108.15,108.23
26/May/2020,USD,5.17,29 961 122.00,154 776 333.69,106.99,107.07
22/May/2020,USD,5.06,29 961 122.00,151 738 549.45,104.89,104.96
21/May/2020,USD,5.07,29 961 122.00,151 865 011.15,104.97,105.05
20/May/2020,USD,5.11,29 961 122.00,153 221 536.34,105.91,105.98
19/May/2020,USD,5.04,29 961 122.00,150 895 087.71,104.30,104.37
18/May/2020,USD,5.05,29 961 122.00,151 437 574.26,104.68,104.74
15/May/2020,USD,4.91,29 961 122.00,147 118 513.43,101.69,101.76
14/May/2020,USD,4.89,29 961 122.00,146 477 371.35,101.25,101.31
13/May/2020,USD,4.88,30 063 222.00,146 746 334.85,101.09,101.15
12/May/2020,USD,4.97,30 063 222.00,149 326 214.43,102.87,102.93
11/May/2020,USD,5.03,30 063 222.00,151 342 283.22,104.26,104.32
07/May/2020,USD,4.95,32 063 222.00,158 645 228.59,102.47,102.52
06/May/2020,USD,4.90,32 063 222.00,157 057 079.73,101.45,101.51
05/May/2020,USD,4.92,32 063 222.00,157 724 200.35,101.88,101.94
04/May/2020,USD,4.87,32 063 222.00,156 129 887.50,100.85,100.90
01/May/2020,USD,4.88,32 063 222.00,156 588 292.82,101.14,101.19
30/Apr/2020,USD,5.00,32 063 222.00,160 334 286.72,103.56,103.62
29/Apr/2020,USD,5.04,32 063 222.00,161 568 776.97,104.36,104.41
28/Apr/2020,USD,4.92,32 063 222.00,157 701 408.74,101.86,101.92
27/Apr/2020,USD,4.92,32 063 222.00,157 775 960.68,101.91,101.97
24/Apr/2020,USD,4.83,32 063 222.00,154 995 597.04,100.11,100.17
23/Apr/2020,USD,4.80,32 063 222.00,153 866 478.91,99.38,99.44
22/Apr/2020,USD,4.78,32 063 222.00,153 370 230.06,99.06,99.11
21/Apr/2020,USD,4.70,32 063 222.00,150 543 540.04,97.24,97.28
20/Apr/2020,USD,4.85,32 063 222.00,155 361 421.63,100.35,100.40
17/Apr/2020,USD,4.90,32 063 222.00,157 117 411.53,101.48,101.53
16/Apr/2020,USD,4.77,32 063 222.00,153 059 400.15,98.86,98.91
15/Apr/2020,USD,4.76,32 063 222.00,152 678 252.38,98.62,98.66
14/Apr/2020,USD,4.87,32 063 222.00,156 236 075.84,100.92,100.95
09/Apr/2020,USD,4.78,32 063 222.00,153 274 153.01,99.00,99.03
08/Apr/2020,USD,4.71,32 223 222.00,151 759 484.81,97.54,97.56
07/Apr/2020,USD,4.60,32 070 074.00,147 452 803.45,95.22,95.25
06/Apr/2020,USD,4.56,32 070 074.00,146 348 529.22,94.51,94.53
03/Apr/2020,USD,4.31,31 070 074.00,133 824 452.92,89.20,89.23
02/Apr/2020,USD,4.37,31 070 074.00,135 767 510.98,90.50,90.53
01/Apr/2020,USD,4.32,31 070 074.00,134 176 770.15,89.44,89.49
31/Mar/2020,USD,4.50,31 019 024.00,139 444 744.83,93.10,93.14
30/Mar/2020,USD,4.54,31 019 024.00,140 826 592.80,94.02,94.07
27/Mar/2020,USD,4.43,31 019 024.00,137 377 290.66,91.72,91.77
26/Mar/2020,USD,4.55,31 019 024.00,141 037 358.41,94.17,94.21
25/Mar/2020,USD,4.33,31 019 024.00,134 349 703.69,89.70,89.75
24/Mar/2020,USD,4.23,30 814 826.00,130 428 145.33,87.66,87.70
23/Mar/2020,USD,3.89,30 814 826.00,119 908 935.54,80.59,80.65
20/Mar/2020,USD,4.01,30 814 826.00,123 471 090.88,82.98,83.04
19/Mar/2020,USD,4.11,30 304 332.00,124 585 640.26,85.14,85.20
18/Mar/2020,USD,4.08,30 304 332.00,123 519 195.13,84.41,84.45
17/Mar/2020,USD,4.29,30 304 332.00,130 097 380.29,88.91,88.94
16/Mar/2020,USD,4.12,30 304 332.00,125 003 690.50,85.43,85.45
13/Mar/2020,USD,4.56,26 049 082.00,118 842 168.73,94.48,94.51
12/Mar/2020,USD,4.30,26 049 082.00,112 074 776.94,89.10,89.13
11/Mar/2020,USD,4.77,25 640 691.00,122 230 062.09,98.73,98.76
10/Mar/2020,USD,4.96,25 640 691.00,127 116 923.60,102.67,102.71
09/Mar/2020,USD,4.81,25 259 395.00,121 610 899.44,99.71,99.75
06/Mar/2020,USD,5.18,25 259 395.00,130 959 486.49,107.37,107.41
05/Mar/2020,USD,5.29,25 259 395.00,133 602 445.13,109.54,109.59
04/Mar/2020,USD,5.41,25 259 395.00,136 703 191.02,112.08,112.12
03/Mar/2020,USD,5.26,25 259 395.00,132 840 564.93,108.92,108.95
02/Mar/2020,USD,5.34,25 259 395.00,134 977 996.98,110.67,110.71
28/Feb/2020,USD,5.17,25 259 395.00,130 602 959.93,107.08,107.11
27/Feb/2020,USD,5.25,25 259 395.00,132 643 050.38,108.75,108.79
26/Feb/2020,USD,5.45,25 412 544.00,138 421 928.62,112.81,112.84
25/Feb/2020,USD,5.47,25 412 544.00,139 069 774.68,113.34,113.37
24/Feb/2020,USD,5.62,25 412 544.00,142 819 114.94,116.39,116.44
21/Feb/2020,USD,5.79,25 514 641.00,147 838 317.88,120.00,120.05
20/Feb/2020,USD,5.84,25 514 641.00,148 999 448.61,120.94,120.99
19/Feb/2020,USD,5.87,25 814 641.00,151 413 663.61,121.47,121.52
18/Feb/2020,USD,5.84,25 865 691.00,151 027 415.93,120.92,120.97
17/Feb/2020,USD,5.86,25 865 691.00,151 635 527.06,121.41,121.46
14/Feb/2020,USD,5.86,25 865 691.00,151 684 728.08,121.45,121.49
13/Feb/2020,USD,5.86,25 865 691.00,151 563 319.14,121.35,121.39
12/Feb/2020,USD,5.87,24 115 691.00,141 571 706.07,121.58,121.62
11/Feb/2020,USD,5.84,24 115 691.00,140 731 196.86,120.86,120.90
10/Feb/2020,USD,5.82,24 115 691.00,140 260 031.11,120.45,120.50
07/Feb/2020,USD,5.79,24 115 691.00,139 730 376.12,120.00,120.05
06/Feb/2020,USD,5.82,24 115 691.00,140 397 670.38,120.57,120.62
05/Feb/2020,USD,5.79,24 115 691.00,139 704 289.54,119.98,120.03
04/Feb/2020,USD,5.74,24 055 691.00,138 091 517.02,118.89,118.94
03/Feb/2020,USD,5.66,11 943 382.00,67 615 756.44,117.25,117.30
31/Jan/2020,USD,5.64,11 943 382.00,67 312 764.49,116.72,116.77
30/Jan/2020,USD,5.71,11 943 382.00,68 172 995.99,118.21,118.26
29/Jan/2020,USD,5.71,12 045 480.00,68 778 682.97,118.25,118.30
28/Jan/2020,USD,5.71,12 045 480.00,68 760 241.75,118.22,118.27
27/Jan/2020,USD,5.67,11 892 333.00,67 399 163.95,117.37,117.42
24/Jan/2020,USD,5.76,11 892 333.00,68 540 028.89,119.36,119.41
23/Jan/2020,USD,5.79,10 892 333.00,63 086 703.51,119.95,120.00
22/Jan/2020,USD,5.80,10 502 333.00,60 929 975.53,120.15,120.20
21/Jan/2020,USD,5.80,10 402 333.00,60 310 119.40,120.07,120.12
20/Jan/2020,USD,5.81,10 402 333.00,60 451 157.99,120.35,120.40
17/Jan/2020,USD,5.81,10 402 333.00,60 461 430.92,120.37,120.41
16/Jan/2020,USD,5.79,10 402 333.00,60 220 871.29,119.89,119.93
15/Jan/2020,USD,5.75,10 402 333.00,59 854 157.42,119.16,119.20
14/Jan/2020,USD,5.75,9 968 134.00,57 283 375.22,119.01,119.05
13/Jan/2020,USD,5.75,9 968 134.00,57 283 296.60,119.01,119.05
10/Jan/2020,USD,5.72,9 968 134.00,57 019 783.68,118.47,118.50
09/Jan/2020,USD,5.73,9 968 134.00,57 075 088.00,118.58,118.61
08/Jan/2020,USD,5.69,10 049 814.00,57 214 514.00,117.90,117.94
07/Jan/2020,USD,5.68,10 049 814.00,57 091 402.45,117.65,117.68
06/Jan/2020,USD,5.69,10 049 814.00,57 139 576.45,117.75,117.78
03/Jan/2020,USD,5.68,10 049 814.00,57 109 566.45,117.69,117.72
02/Jan/2020,USD,5.72,10 049 814.00,57 450 523.70,118.39,118.42
31/Dec/2019,USD,5.67,10 049 814.00,57 007 611.82,117.48,117.51
30/Dec/2019,USD,5.66,10 049 814.00,56 875 839.68,117.21,117.23
27/Dec/2019,USD,5.69,10 049 814.00,57 154 071.38,117.78,117.81
24/Dec/2019,USD,5.65,10 049 814.00,56 821 606.50,117.10,117.12
23/Dec/2019,USD,5.65,10 049 814.00,56 790 768.07,117.03,117.06
20/Dec/2019,USD,5.65,10 511 358.00,59 383 989.49,117.00,117.03
19/Dec/2019,USD,5.63,10 511 358.00,59 135 363.61,116.51,116.54
18/Dec/2019,USD,5.61,10 511 358.00,58 945 655.04,116.14,116.16
17/Dec/2019,USD,5.62,9 511 358.00,53 414 307.70,116.31,116.32
16/Dec/2019,USD,5.62,9 156 358.00,51 444 361.95,116.36,116.38
13/Dec/2019,USD,5.58,9 156 358.00,51 049 553.34,115.47,115.48
12/Dec/2019,USD,5.55,9 156 358.00,50 820 896.92,--,--
11/Dec/2019,USD,5.56,9 705 485.00,53 917 827.00,114.18,114.20
10/Dec/2019,USD,5.54,9 705 485.00,53 800 432.10,113.93,113.96
09/Dec/2019,USD,5.55,9 705 485.00,53 866 798.89,114.07,114.10
06/Dec/2019,USD,5.56,9 705 485.00,53 955 978.23,114.26,114.29
05/Dec/2019,USD,5.52,9 705 485.00,53 535 895.19,--,--
04/Dec/2019,USD,5.51,9 705 485.00,53 451 363.68,113.19,113.22
03/Dec/2019,USD,5.48,9 857 462.00,53 986 615.68,112.56,112.59
02/Dec/2019,USD,5.51,9 857 462.00,54 301 083.45,113.21,113.25
29/Nov/2019,USD,5.55,9 857 462.00,54 668 373.21,113.98,114.01
28/Nov/2019,USD,5.57,9 857 462.00,54 888 134.63,114.44,114.47
27/Nov/2019,USD,5.57,9 857 462.00,54 906 786.00,114.48,114.52
26/Nov/2019,USD,5.55,9 857 462.00,54 710 640.89,114.07,114.10
25/Nov/2019,USD,5.54,9 857 462.00,54 606 214.22,113.85,113.88
22/Nov/2019,USD,5.50,9 857 462.00,54 187 229.26,--,--
21/Nov/2019,USD,5.49,9 857 462.00,54 098 771.89,112.79,112.83
20/Nov/2019,USD,5.50,9 857 462.00,54 205 199.76,113.01,113.05
19/Nov/2019,USD,5.52,9 857 462.00,54 448 760.45,113.52,113.55
18/Nov/2019,USD,5.52,9 857 462.00,54 456 462.31,113.54,113.56
15/Nov/2019,USD,5.52,9 857 462.00,54 379 082.85,113.38,113.41
14/Nov/2019,USD,5.47,9 857 462.00,53 953 526.06,112.49,112.52
13/Nov/2019,USD,5.48,9 857 462.00,54 012 028.74,112.61,112.64
12/Nov/2019,USD,5.48,9 857 462.00,54 058 742.50,112.71,112.74
11/Nov/2019,USD,5.48,9 857 462.00,53 972 791.43,112.53,112.56
08/Nov/2019,USD,5.48,9 857 462.00,54 038 446.01,112.67,112.70
07/Nov/2019,USD,5.48,9 857 462.00,53 971 376.00,112.53,112.55
06/Nov/2019,USD,5.46,9 882 792.00,53 949 591.59,112.19,112.22
05/Nov/2019,USD,5.46,9 029 496.00,49 255 998.51,112.11,112.14
04/Nov/2019,USD,5.46,9 090 287.00,49 637 577.70,112.22,112.25
01/Nov/2019,USD,5.44,9 090 287.00,49 435 885.49,111.77,111.79
31/Oct/2019,USD,5.39,9 090 287.00,49 025 675.47,110.84,110.87
30/Oct/2019,USD,5.40,9 090 287.00,49 087 684.14,110.98,111.01
29/Oct/2019,USD,5.39,9 090 287.00,48 977 364.65,110.73,110.77
28/Oct/2019,USD,5.39,9 090 287.00,48 965 290.94,110.71,110.74
25/Oct/2019,USD,5.36,9 090 287.00,48 756 660.53,110.23,110.27
24/Oct/2019,USD,5.34,9 090 287.00,48 578 130.46,109.83,109.86
23/Oct/2019,USD,5.33,9 090 287.00,48 425 731.01,109.49,109.52
22/Oct/2019,USD,5.32,9 090 287.00,48 333 649.72,109.28,109.31
21/Oct/2019,USD,5.33,9 090 287.00,48 468 106.84,109.58,109.61
18/Oct/2019,USD,5.30,9 090 287.00,48 152 245.52,108.87,108.90
17/Oct/2019,USD,5.31,9 090 287.00,48 282 720.44,109.16,109.19
16/Oct/2019,USD,5.30,9 140 947.00,48 402 534.17,108.83,108.86
15/Oct/2019,USD,5.30,9 140 947.00,48 435 393.42,108.90,108.93
14/Oct/2019,USD,5.24,9 140 947.00,47 935 917.71,107.78,107.81
11/Oct/2019,USD,5.25,9 140 947.00,48 018 016.92,107.96,107.99
10/Oct/2019,USD,5.18,9 140 947.00,47 359 370.59,106.48,106.51
09/Oct/2019,USD,5.15,9 211 871.00,47 436 287.80,105.83,105.87
08/Oct/2019,USD,5.11,9 211 871.00,47 117 092.58,105.12,105.16
07/Oct/2019,USD,5.18,8 211 871.00,42 559 707.02,106.52,106.55
04/Oct/2019,USD,5.19,8 211 871.00,42 608 239.42,106.64,106.67
03/Oct/2019,USD,5.13,8 211 871.00,42 160 490.91,105.52,105.55
02/Oct/2019,USD,5.11,8 211 871.00,41 950 021.92,104.99,105.02
01/Oct/2019,USD,5.20,8 246 871.00,42 859 761.82,106.81,106.84
30/Sep/2019,USD,5.25,8 246 871.00,43 292 243.27,107.89,107.92
27/Sep/2019,USD,5.24,8 246 871.00,43 192 512.06,107.64,107.67
26/Sep/2019,USD,5.25,8 246 871.00,43 317 946.94,107.95,107.98
25/Sep/2019,USD,5.26,8 246 871.00,43 341 999.96,108.01,108.04
24/Sep/2019,USD,5.25,8 281 871.00,43 477 633.76,107.89,107.92
23/Sep/2019,USD,5.28,8 281 871.00,43 725 887.86,108.51,108.54
20/Sep/2019,USD,5.29,8 383 191.00,44 335 130.41,108.69,108.72
19/Sep/2019,USD,5.31,8 717 538.00,46 254 664.47,109.05,109.08
18/Sep/2019,USD,5.30,8 717 538.00,46 173 911.89,108.86,108.89
17/Sep/2019,USD,5.30,8 717 538.00,46 192 566.74,108.90,108.93
16/Sep/2019,USD,5.29,8 717 538.00,46 073 405.41,108.62,108.65
13/Sep/2019,USD,5.31,8 717 538.00,46 292 777.29,109.14,109.16
12/Sep/2019,USD,5.30,8 717 538.00,46 194 086.64,108.91,108.94
11/Sep/2019,USD,5.28,8 717 538.00,46 027 385.01,108.51,108.55
10/Sep/2019,USD,5.24,8 717 538.00,45 717 486.25,107.78,107.81
09/Sep/2019,USD,5.24,8 717 538.00,45 711 096.43,107.77,107.80
06/Sep/2019,USD,5.24,7 717 538.00,40 467 664.93,107.77,107.80
05/Sep/2019,USD,5.23,7 717 538.00,40 376 007.08,107.52,107.56
04/Sep/2019,USD,5.17,6 717 538.00,34 715 903.76,106.21,106.25
03/Sep/2019,USD,5.11,6 717 538.00,34 343 355.42,105.07,105.11
02/Sep/2019,USD,5.14,6 717 538.00,34 506 132.01,105.57,105.62
30/Aug/2019,USD,5.14,6 717 538.00,34 535 656.32,105.66,105.71
29/Aug/2019,USD,5.13,6 717 538.00,34 442 190.35,105.37,105.42
28/Aug/2019,USD,5.07,6 717 538.00,34 090 358.97,104.30,104.35
27/Aug/2019,USD,5.06,6 717 538.00,33 979 626.48,103.96,104.01
23/Aug/2019,USD,5.03,6 717 538.00,33 792 618.78,103.39,103.44
22/Aug/2019,USD,5.12,6 717 538.00,34 405 857.55,105.26,105.32
21/Aug/2019,USD,5.13,6 717 538.00,34 467 308.30,105.45,105.51
20/Aug/2019,USD,5.09,6 717 538.00,34 207 172.99,104.66,104.71
19/Aug/2019,USD,5.12,6 717 538.00,34 398 730.18,105.24,105.30
16/Aug/2019,USD,5.06,6 717 538.00,34 017 350.08,104.08,104.13
15/Aug/2019,USD,5.00,6 717 538.00,33 588 667.29,102.76,102.82
14/Aug/2019,USD,5.01,6 717 538.00,33 647 387.82,102.94,103.00
13/Aug/2019,USD,5.13,6 717 538.00,34 430 134.63,105.34,105.40
12/Aug/2019,USD,5.08,6 717 538.00,34 146 804.33,104.47,104.53
09/Aug/2019,USD,5.13,6 717 538.00,34 438 256.26,105.36,105.43
08/Aug/2019,USD,5.15,6 717 538.00,34 626 608.49,105.94,106.00
07/Aug/2019,USD,5.07,6 224 134.00,31 581 645.33,104.28,104.35
06/Aug/2019,USD,5.06,6 295 058.00,31 868 635.53,104.04,104.10
05/Aug/2019,USD,5.03,6 295 058.00,31 683 380.71,103.44,103.50
02/Aug/2019,USD,5.16,6 295 058.00,32 487 717.58,106.07,106.12
01/Aug/2019,USD,5.22,6 295 058.00,32 839 051.29,107.21,107.27
31/Jul/2019,USD,5.25,6 295 058.00,33 055 670.86,107.92,107.98
30/Jul/2019,USD,5.29,6 396 378.00,33 831 023.42,108.70,108.76
29/Jul/2019,USD,5.31,6 396 378.00,33 963 532.37,109.13,109.18
26/Jul/2019,USD,5.32,6 396 378.00,34 017 080.85,109.30,109.35
25/Jul/2019,USD,5.29,6 396 378.00,33 868 127.07,108.82,108.88
24/Jul/2019,USD,5.32,6 396 378.00,34 033 159.45,109.35,109.40
23/Jul/2019,USD,5.30,6 396 378.00,33 886 762.26,108.88,108.93
22/Jul/2019,USD,5.27,6 396 378.00,33 691 745.49,108.25,108.30
19/Jul/2019,USD,5.26,6 396 378.00,33 633 872.68,108.07,108.11
18/Jul/2019,USD,5.27,6 396 378.00,33 707 865.44,108.31,108.35
17/Jul/2019,USD,5.27,6 396 378.00,33 713 837.62,108.33,108.37
16/Jul/2019,USD,5.30,6 396 378.00,33 876 572.18,108.85,108.89
15/Jul/2019,USD,5.31,6 396 378.00,33 974 476.15,109.16,109.20
12/Jul/2019,USD,5.31,6 396 378.00,33 946 010.79,109.07,109.11
11/Jul/2019,USD,5.29,6 396 378.00,33 829 364.07,108.70,108.74
10/Jul/2019,USD,5.28,6 396 378.00,33 767 531.83,108.50,108.54
09/Jul/2019,USD,5.26,6 193 735.00,32 585 560.13,108.13,108.17
08/Jul/2019,USD,5.26,6 193 735.00,32 592 789.86,108.15,108.20
05/Jul/2019,USD,5.29,6 193 735.00,32 760 831.36,108.71,108.75
04/Jul/2019,USD,5.31,6 193 735.00,32 895 490.16,109.15,109.20
03/Jul/2019,USD,5.31,6 193 735.00,32 866 434.66,109.06,109.11
02/Jul/2019,USD,5.27,6 193 735.00,32 641 589.13,108.31,108.37
01/Jul/2019,USD,5.26,6 193 735.00,32 552 037.47,108.01,108.06
28/Jun/2019,USD,5.22,6 193 735.00,32 328 289.87,107.27,107.32
27/Jun/2019,USD,5.19,6 244 396.00,32 406 901.10,106.66,106.71
26/Jun/2019,USD,5.17,6 244 396.00,32 267 552.40,106.20,106.25
25/Jun/2019,USD,5.18,6 244 396.00,32 332 307.37,106.41,106.47
24/Jun/2019,USD,5.21,6 244 396.00,32 563 530.80,107.18,107.23
21/Jun/2019,USD,5.22,6 244 396.00,32 572 214.66,107.20,107.26
20/Jun/2019,USD,5.23,6 244 396.00,32 651 400.36,107.47,107.52
19/Jun/2019,USD,5.18,5 344 924.00,27 673 973.25,106.41,106.47
18/Jun/2019,USD,5.15,5 344 924.00,27 529 315.56,105.85,105.91
17/Jun/2019,USD,5.10,5 344 924.00,27 272 467.26,104.87,104.92
14/Jun/2019,USD,5.10,5 344 924.00,27 275 531.92,104.88,104.93
13/Jun/2019,USD,5.12,5 344 924.00,27 354 184.41,105.18,105.24
12/Jun/2019,USD,5.17,5 344 924.00,27 621 857.20,105.03,105.09
11/Jun/2019,USD,5.18,5 665 533.00,29 362 620.66,105.33,105.38
10/Jun/2019,USD,5.17,5 665 533.00,29 297 662.68,105.09,105.15
07/Jun/2019,USD,5.15,5 785 763.00,29 782 031.59,104.61,104.66
06/Jun/2019,USD,5.09,5 785 763.00,29 456 125.33,103.47,103.52
05/Jun/2019,USD,5.07,5 785 763.00,29 334 067.92,103.04,103.09
04/Jun/2019,USD,5.03,5 785 763.00,29 078 065.11,102.14,102.18
03/Jun/2019,USD,4.94,5 785 763.00,28 605 682.84,100.48,100.52
31/May/2019,USD,4.95,5 785 763.00,28 642 995.63,100.61,100.66
30/May/2019,USD,5.00,5 785 763.00,28 930 870.87,101.62,101.67
29/May/2019,USD,4.99,5 785 763.00,28 894 930.59,101.50,101.55
28/May/2019,USD,5.04,5 785 763.00,29 163 480.81,102.44,102.48
24/May/2019,USD,5.07,5 785 763.00,29 306 292.83,102.94,102.98
23/May/2019,USD,5.05,5 785 763.00,29 203 360.09,102.58,102.62
22/May/2019,USD,5.11,5 785 763.00,29 542 355.84,103.77,103.81
21/May/2019,USD,5.12,5 785 763.00,29 623 459.35,104.06,104.10
20/May/2019,USD,5.09,2 815 820.00,14 322 296.99,103.37,103.41
17/May/2019,USD,5.12,2 815 820.00,14 404 452.41,103.96,104.01
16/May/2019,USD,5.14,2 815 820.00,14 472 530.83,104.45,104.51
15/May/2019,USD,5.10,2 815 820.00,14 358 253.00,103.63,103.69
14/May/2019,USD,5.07,2 815 820.00,14 275 838.13,103.04,103.10
13/May/2019,USD,5.04,2 815 820.00,14 188 628.56,102.41,102.46
10/May/2019,USD,5.14,2 815 820.00,14 465 436.41,104.40,104.48
09/May/2019,USD,5.12,2 815 820.00,14 419 211.83,104.07,104.15
08/May/2019,USD,5.15,1 966 105.00,10 126 482.07,104.67,104.76
07/May/2019,USD,5.16,1 966 105.00,10 142 902.56,104.84,104.93
03/May/2019,USD,5.26,1 966 105.00,10 340 872.03,106.89,106.99
02/May/2019,USD,5.22,1 966 105.00,10 259 966.47,106.05,106.16
01/May/2019,USD,5.24,1 966 105.00,10 296 626.38,106.43,106.54
30/Apr/2019,USD,5.26,1 986 144.00,10 439 881.41,106.83,106.94
29/Apr/2019,USD,5.25,1 986 144.00,10 429 929.73,106.72,106.84
26/Apr/2019,USD,5.25,1 986 144.00,10 419 032.98,106.61,106.73
25/Apr/2019,USD,5.22,1 986 144.00,10 373 481.44,106.15,106.28
24/Apr/2019,USD,5.23,2 046 259.00,10 700 213.72,106.27,106.42
23/Apr/2019,USD,5.24,2 046 259.00,10 723 624.02,106.50,106.65
18/Apr/2019,USD,5.21,2 046 259.00,10 654 168.26,105.82,105.94
17/Apr/2019,USD,5.21,2 046 259.00,10 656 599.99,105.84,105.95
16/Apr/2019,USD,5.21,2 046 259.00,10 664 780.29,105.92,106.03
15/Apr/2019,USD,5.21,2 046 259.00,10 654 655.33,105.82,105.92
12/Apr/2019,USD,5.20,2 046 259.00,10 643 796.41,105.71,105.80
11/Apr/2019,USD,5.17,2 046 259.00,10 583 985.50,105.12,105.19
10/Apr/2019,USD,5.18,2 046 259.00,10 589 390.36,105.17,105.23
09/Apr/2019,USD,5.16,1 996 259.00,10 301 631.97,104.88,104.94
08/Apr/2019,USD,5.18,1 996 259.00,10 346 003.75,105.33,105.39
05/Apr/2019,USD,5.17,2 096 449.00,10 848 996.22,105.17,105.23
04/Apr/2019,USD,5.16,2 096 449.00,10 814 080.25,104.83,104.88
03/Apr/2019,USD,5.16,2 096 449.00,10 815 265.06,104.84,104.89
02/Apr/2019,USD,5.13,2 096 449.00,10 752 594.03,104.24,104.27
01/Apr/2019,USD,5.13,2 096 449.00,10 750 454.86,104.22,104.23
31/Mar/2019,USD,5.07,--,--,--,--
29/Mar/2019,USD,5.07,2 096 449.00,10 625 850.62,103.01,103.02
28/Mar/2019,USD,5.04,2 096 449.00,10 559 924.97,102.37,102.40
27/Mar/2019,USD,5.03,2 096 449.00,10 551 886.75,102.29,102.32
26/Mar/2019,USD,5.05,2 096 449.00,10 584 617.35,102.61,102.64
25/Mar/2019,USD,5.01,2 096 449.00,10 504 314.38,101.83,101.87
22/Mar/2019,USD,5.03,2 096 449.00,10 545 768.15,102.23,102.26
21/Mar/2019,USD,5.11,2 096 449.00,10 716 392.55,103.89,103.91
20/Mar/2019,USD,5.07,2 096 449.00,10 634 090.23,103.09,103.11
19/Mar/2019,USD,5.09,2 096 449.00,10 675 528.75,103.49,103.50
18/Mar/2019,USD,5.08,2 096 449.00,10 659 824.30,103.34,103.35
15/Mar/2019,USD,5.06,2 096 449.00,10 613 834.24,102.89,102.90
14/Mar/2019,USD,5.03,2 096 449.00,10 549 397.33,102.27,102.29
13/Mar/2019,USD,5.03,2 096 449.00,10 542 889.66,102.20,102.22
12/Mar/2019,USD,5.00,2 096 449.00,10 481 288.97,101.61,101.62
11/Mar/2019,USD,4.98,2 096 449.00,10 431 659.94,101.12,101.14
08/Mar/2019,USD,4.92,2 096 449.00,10 306 767.05,99.91,99.93
07/Mar/2019,USD,4.94,2 096 449.00,10 356 504.31,100.40,100.41
06/Mar/2019,USD,4.98,2 096 449.00,10 441 737.70,101.22,101.25
05/Mar/2019,USD,5.00,2 096 449.00,10 489 220.91,101.68,101.72
04/Mar/2019,USD,5.01,2 096 449.00,10 505 958.93,101.85,101.87
01/Mar/2019,USD,5.02,2 096 449.00,10 533 896.81,102.12,102.13
28/Feb/2019,USD,5.00,2 096 449.00,10 478 790.03,101.58,101.60
27/Feb/2019,USD,5.01,2 096 449.00,10 506 654.53,101.85,101.88
26/Feb/2019,USD,5.01,2 096 449.00,10 507 425.47,101.86,101.88
25/Feb/2019,USD,5.01,2 096 449.00,10 506 561.31,101.85,101.89
22/Feb/2019,USD,5.00,2 096 449.00,10 480 275.73,101.60,101.62
21/Feb/2019,USD,4.98,2 096 449.00,10 433 559.54,101.14,101.16
20/Feb/2019,USD,4.99,2 096 449.00,10 461 278.66,101.41,101.43
19/Feb/2019,USD,4.97,2 096 449.00,10 426 026.90,101.07,101.09
18/Feb/2019,USD,4.97,2 096 449.00,10 411 719.04,100.93,100.95
15/Feb/2019,USD,4.95,2 096 449.00,10 380 465.44,100.63,100.65
14/Feb/2019,USD,4.91,2 096 449.00,10 286 108.07,99.71,99.74
13/Feb/2019,USD,4.92,2 096 449.00,10 307 555.71,99.92,99.96
12/Feb/2019,USD,4.90,2 096 449.00,10 268 694.29,99.55,99.58
11/Feb/2019,USD,4.84,2 096 449.00,10 148 649.51,98.38,98.41
08/Feb/2019,USD,4.84,2 096 449.00,10 143 653.49,98.33,98.36
07/Feb/2019,USD,4.85,2 096 449.00,10 175 048.48,98.64,98.67
06/Feb/2019,USD,4.90,2 123 000.00,10 410 922.63,99.66,99.68
05/Feb/2019,USD,4.91,2 123 000.00,10 432 421.25,99.87,99.89
04/Feb/2019,USD,4.88,2 123 000.00,10 363 969.67,99.21,99.24
01/Feb/2019,USD,4.86,2 123 000.00,10 326 169.21,98.85,98.86
31/Jan/2019,USD,4.86,2 123 000.00,10 321 424.76,98.80,98.82
30/Jan/2019,USD,4.82,2 123 000.00,10 233 273.11,97.96,97.98
29/Jan/2019,USD,4.77,2 123 000.00,10 123 443.81,96.91,96.93
28/Jan/2019,USD,4.77,2 123 000.00,10 127 590.62,96.95,96.97
25/Jan/2019,USD,4.80,2 123 000.00,10 194 601.48,97.59,97.61
24/Jan/2019,USD,4.76,2 123 000.00,10 095 228.26,96.64,96.66
23/Jan/2019,USD,4.75,2 123 000.00,10 076 880.08,96.46,96.48
22/Jan/2019,USD,4.74,2 123 000.00,10 071 446.74,96.41,96.43
21/Jan/2019,USD,4.80,2 123 000.00,10 182 320.94,97.47,97.50
18/Jan/2019,USD,4.80,2 123 000.00,10 181 357.12,97.46,97.49
17/Jan/2019,USD,4.74,2 123 000.00,10 053 565.00,96.24,96.27
16/Jan/2019,USD,4.71,2 123 000.00,10 007 900.99,95.80,95.83
15/Jan/2019,USD,4.71,2 123 000.00,9 989 402.49,95.63,95.65
14/Jan/2019,USD,4.67,2 123 000.00,9 908 373.50,94.85,94.87
11/Jan/2019,USD,4.69,2 123 000.00,9 954 155.77,95.29,95.30
10/Jan/2019,USD,4.69,2 123 000.00,9 956 669.81,95.31,95.32
09/Jan/2019,USD,4.67,2 123 000.00,9 924 925.19,95.01,95.01
08/Jan/2019,USD,4.64,2 123 000.00,9 845 548.28,94.25,94.26
07/Jan/2019,USD,4.60,2 123 000.00,9 764 601.23,93.47,93.48
04/Jan/2019,USD,4.56,2 123 000.00,9 679 356.93,92.66,92.65
03/Jan/2019,USD,4.44,2 123 000.00,9 419 255.28,90.17,90.17
02/Jan/2019,USD,4.51,2 123 000.00,9 565 130.69,91.57,91.57
31/Dec/2018,USD,4.51,2 123 000.00,9 578 384.03,91.69,91.69
28/Dec/2018,USD,4.48,2 123 000.00,9 508 904.81,91.03,91.03
27/Dec/2018,USD,4.46,2 123 000.00,9 467 186.28,90.63,90.64
24/Dec/2018,USD,4.31,2 123 000.00,9 154 052.90,87.63,87.63
21/Dec/2018,USD,4.39,1 123 000.00,4 928 447.92,89.19,89.18
20/Dec/2018,USD,4.46,1 123 000.00,5 005 437.91,90.58,90.58
19/Dec/2018,USD,4.53,1 123 000.00,5 085 229.43,92.03,92.02
18/Dec/2018,USD,4.57,1 079 000.00,4 926 095.48,92.78,92.78
17/Dec/2018,USD,4.58,1 079 000.00,4 938 729.20,93.03,93.02
14/Dec/2018,USD,4.65,1 079 000.00,5 012 974.97,94.42,94.43
13/Dec/2018,USD,4.72,1 079 000.00,5 096 419.72,95.99,96.01
12/Dec/2018,USD,4.74,1 079 000.00,5 109 608.37,96.05,96.08
11/Dec/2018,USD,4.68,1 079 000.00,5 054 442.47,95.02,95.03
10/Dec/2018,USD,4.68,1 079 000.00,5 050 735.18,94.95,94.97
07/Dec/2018,USD,4.71,1 079 000.00,5 082 713.80,95.55,95.57
06/Dec/2018,USD,4.78,1 079 000.00,5 153 922.44,96.89,96.92
05/Dec/2018,USD,4.82,1 079 000.00,5 195 945.05,97.68,97.70
04/Dec/2018,USD,4.84,1 042 000.00,5 038 688.63,98.09,98.11
03/Dec/2018,USD,4.96,1 042 000.00,5 165 764.81,100.56,100.59
30/Nov/2018,USD,4.90,1 042 000.00,5 105 204.86,99.38,99.40
29/Nov/2018,USD,4.88,1 042 000.00,5 086 833.38,99.02,99.04
28/Nov/2018,USD,4.87,1 042 000.00,5 076 523.33,98.82,98.85
27/Nov/2018,USD,4.80,1 042 000.00,4 998 705.70,97.31,97.33
26/Nov/2018,USD,4.79,1 002 000.00,4 802 814.77,97.23,97.24
23/Nov/2018,USD,4.73,1 002 000.00,4 741 541.83,95.99,96.01
22/Nov/2018,USD,4.75,1 002 000.00,4 760 983.08,96.38,96.40
21/Nov/2018,USD,4.75,1 002 000.00,4 761 684.34,96.39,96.41
20/Nov/2018,USD,4.73,1 002 000.00,4 741 157.86,95.98,96.00
19/Nov/2018,USD,4.81,1 002 000.00,4 820 990.41,97.59,97.62
16/Nov/2018,USD,4.87,2 000.00,9 734.53,98.73,98.75
15/Nov/2018,USD,4.85,2 000.00,9 705.87,98.44,98.47
14/Nov/2018,USD,4.82,2 000.00,9 643.70,97.81,97.84
13/Nov/2018,USD,4.85,2 000.00,9 696.06,98.34,98.38
12/Nov/2018,USD,4.85,2 000.00,9 700.00,98.38,98.41
09/Nov/2018,USD,4.93,2 000.00,9 864.34,100.04,100.09
08/Nov/2018,USD,4.98,2 000.00,9 957.01,100.98,101.05
07/Nov/2018,USD,4.98,2 000.00,9 959.63,101.01,101.10
06/Nov/2018,USD,4.90,2 000.00,9 796.14,99.35,99.42
05/Nov/2018,USD,4.87,2 000.00,9 747.01,98.85,98.92
02/Nov/2018,USD,4.87,2 000.00,9 734.65,98.73,98.81
01/Nov/2018,USD,4.88,2 000.00,9 757.57,98.96,99.03
31/Oct/2018,USD,4.83,2 000.00,9 665.81,98.03,98.08
30/Oct/2018,USD,4.77,2 000.00,9 542.84,--,96.81
29/Oct/2018,USD,4.72,2 000.00,9 438.40,--,95.73
26/Oct/2018,USD,4.73,2 000.00,9 467.51,--,96.02
25/Oct/2018,USD,4.79,2 000.00,9 589.01,--,97.26
24/Oct/2018,USD,4.75,2 000.00,9 497.30,--,96.34
23/Oct/2018,USD,4.86,2 000.00,9 725.72,--,98.65
22/Oct/2018,USD,4.91,2 000.00,9 817.87,100.00,99.58
19/Oct/2018,USD,4.93,2 000.00,9 859.99,100.00,100.00
31/Aug/2018,USD,--,--,0.01,--,--
